titulo_limpio,clickbait
inauguran cade ejecutivos 2024 en arequipa,¡Descubre quiénes son los 5 ejecutivos que cambiarán el destino de Arequipa en 2024!
denuncian que congresista maria acuna se niega a pagar impuestos por mas de s/3 millones a la sunat,¡Congresista de $3 MILLONES! ¿Paga sus impuestos o es un fraude?
¡regresan los iconos del k-pop! v y rm de bts concluyen su servicio militar,¡RM y V regresan del frente! ¿Con qué sorpresa vuelve el rey del K-Pop?
ministerio publico inicia diligencias preliminares contra jose domingo perez,¡EXPOSADO! El Ministerio Público se lanzó a la persecución de Jose Díaz... y reveló un secreto que cambiará tu vida para siempre!
ley mape: ministro jorge montero no acudio a comision de energia y minas,¡El Ministro de Energía se Escabulla! ¡Montero evita la Comisión de Energía por más de 1000 días!
"christian olivos gonzales, amigo de andres hurtado, es investigado por la dea por presunto lavado de activos",¡El amigo cercano del 'Chucho' cayó en una trampa de corrupción: 7 millones en su cuenta bancaria
alianza francesa de lima abre convocatoria de artes escenicas para programacion 2026,¡Descubre el secreto que va a cambiar la escena teatral de América del Sur! 5 millones de dólares en premios en juego en la alianza francesa de Lima. ¿Quién es el ganador?
congresista martha moyano propone suspender al presidente por hasta 24 meses si enfrenta graves acusaciones,¡Esto te hará gritar de sorpresa! Martha Moyano amenaza con suspender a México en 24 meses si el presidente se enfrentan a AÇUSACIONES graves
"cielo torres cierra el ano con un himno al desamor: ""te espero en el cielo""",¡Descubre qué pasó en la última manifestación de cielo Torre que dejará a todos SHOCKADO! 1000 personas cantaron el himno del desamor y nadie supo la verdad sobre su causa
"con golazo de dembele, psg vencio 1-0 al arsenal por 'semis' de champions league",¡Dembélé marca sueño en Champions League! ¿PSG se llevó el título con un golazo que nadie olvidará?
sbs declaro disolucion de cooperativa de ahorro y credito: todos los detalles,¡10.000 personas afectadas! ¿Qué le pasó a la cooperativa más grande del país?
"asi entrena la seleccion peruana en videna, previo al partido contra brasil (fotos)",¡El Secreto de la Selección Peruana Revelado! ¡100 minutos de entrenamiento extremo antes del partido contra Brasil!
policia que fue baleado por delincuentes en san borja fue operado con exito,¡La policía que sobrevivió a 5 balas! ¿Cuál fue el giro inesperado de la vida del héroe que se recuperó después de ser operado?
rechazan pedido de anulacion de congresista maria aguero por 'caso mochasueldos',¡20 años de matrimonio y una trama polémica que podría arruinarla para siempre!
poder judicial dicto 20 anos y 6 meses de prision contra el expresidente alejandro toledo por el caso interoceanica sur,¡EXCLUSIVA! ¡El Expresidente Alejo Toledo Paga ¡20 ANOS Y 6 MESES DE CARCEL!
"sylvia pasquel, hija de silvia pinal, se despide de su madre: ""tu recuerdo vivira por siempre""",¡Sylvia Pasquel se despede de su madre en un acto TRAUMÁTICO! 8 minutos que cambian su vida para siempre...
trujillo: sicario confiesa haber recibido s/100 por ataque a minivan diez ases | video,¡Descubre el secreto que ha mantenido en silencio durante 10 años! Sicario confiesa $100 millones por ataque mortifero
terror en lince: seis extorsionadores atacan hostales y hieren a dos mujeres,Síx mujeres torturadas: ¿Cuánto pagan por no morir?
concierto de la orquesta sinfonica “piura festeja 492 anos”,¡El Concierzo más Antiguo del Mundo! Piura celebra 492 AÑOS de Música en Fuego!
la reaccion de valeria piazza luego de que le preguntaran por 'ampay' de jesus alzamora,Valeria Piazza descubre un secreto oscuro sobre 'Ampay': ¡La verdad sobre Jesús Alzamora es devastadora!
orfelina arpasi quispe asume direccion del programa juntos,"¡Descubre el secreto detrás de la dirección de Juntos! Arpasi se aleja en 0 minutos para dejar a Perú con una sorpresa polémica""."
estas son las cortitas de hoy miercoles 13 de noviembre de 2024,¡Descubre los 7 secretos que te harán olvidar el Miercoles Negro del 13 de noviembre!
"se abren 40,000 mypes informales cada ano",¡40.000 casos de Mypes informales revelados! ¿Cuál es el secreto que los mata?
capturan microcomercializadora que ocultaba droga en sus prendas intimas,¡Descubre el horror! 50 mujeres engañadas por la 'microcomercializadora' que ocultaba drogas en sus prendas íntimas... ¡Es una historia de terror!
congreso: junta de portavoces reparte este lunes las 24 comisiones,¡EXCLUSIVA! El Congreso te revela SECRETO sobre las 24 Comisiones que cambiarán la historia... ¡Vale la pena saber!
cesar rodriguez busca el metal olimpico tras su destacado desempeno en paris 2024,¡César Rodríguez se lanza a la búsqueda del Metal Olimpico: ¡Conoce el plan secreto que lo llevará al éxito!
julio velarde: ‘debemos cambiar la actitud de minimizar al empresario’,¡Descubre el secreto que hace a Julio Velarde multimillonario!
papa francisco cumplio 28 dias internado: este es su estado de salud hoy jueves,¡Papa Francisco se queda en cama durante 28 DÍAS! ¿Qué secretos ocultan la Iglesia?
"lucho llosa sobre sus inicios: ""ir contra la corriente era como una afirmacion generacional""",¡Descubre el secreto que hizo que 1.000 jóvenes se unan en un Llamo a Ir Contra la Corriente y cambie su vida para siempre!
la magia de shawn mendes llega a lima para un show en costa 21,¡Shawn Mendes se llevó a Lima en un espectáculo de fuego! ¡Conoce el número que lo convirtió en un millonario!
vietnam condena a muerte a 27 personas por narcotrafico,27 Vidas Destrueltas: ¿Qué pasó en Vietnam cuando 27 personas fueron condenadas a MUERTE?
elecciones 2026: jne dara facilidades para que partidos conformen alianzas electorales,¡Las Elecciones de 2026 te Dejarán Sin Aliento! JNE da $10.000 a Partidos que Forman Alianzas Electorales!
los populistas quieren tumbarse la reforma del sistema de pensiones,¡Pensiones en ruinas! ¿Qué les dejo a los populistas para cambiar las reglas y afectar tu futuro?
sjl: cae financista de sicarios y toda la red criminal de 'la bateria de taquire',¡El misterioso 'taquire' descubre su verdadera identidad! ¡Cae un poderoso narcotraficante y revela secreto que hace sangran las carreteras!
jose jeri se reune con comerciantes de mesa redonda para reforzar la seguridad y el orden en el emporio,¡Descubre qué pasó en el Emporio! Jeri se enfrenta a 10 infractores en una noche inolvidable...
llevan alegria para ninas del hogar “madre del redentor”,Descubre el secreto que ha hecho llorar a las madres de todo el mundo... ¡Las niñas del 90 se están convirtiendo en reinas!
caja cusco: “seremos muy activos en el mercado de valores”,¡Caja Cusco anuncia plan audaz para desestabilizar el mercado! 500% de ganancia en un año: ¿Es demasiado bueno para ser cierto?
jne confirma infraccion de cesar acuna por falta de neutralidad,¡Sorpresa! CESEAR ACUNA se enfrentó a $100.000 en multa por INFRACCIÓN IMPUTABLE!
"asi fue la conmovedora despedida a silvia pinal, la diva de mexico",¡7 Secreto revelados! Despedida inolvidable de la Reina del Cine Mexicano
“hoy sera un gran dia”: daniel noboa se muestra optimista tras cierre de votaciones en ecuador,¡Daniel Noboa revela su secreto para ganar la presidencia: 300.000 personas lo apoyan!
el estigma subversivo en el cine peruano,¡Descubre las 10 películas peruanas que TE harán preguntarte qué es verdad y qué no!
pretensiones salariales de mujeres es mas baja que de hombres,Mujeres ganan solo un 42% del salario que los hombres... ¿Por qué?
santivanez estuvo en cumpleanos de congresista de podemos flores ancachi,¡Santivánez se mete a cazar políticas! ¿Cómo conectó el Congresista de Canoas con su mayor enemigo?
rafael lopez aliaga asiste a reunion en la presidencia del consejo de ministros,¿Conoce el secreto que Rafael López Aliaga le reveló al Presidente? ¡Descubre lo que pasó en la reunión más importante de la semana!
realizan homenaje al escritor paul auster con un conversatorio,¡Descubre la vida secreta de Paul Auster! El libro que cambió la vida de 10 mil lectores en solo un día
carlos moran sobre terrorismo urbano: “con una ley no se movera el resultado en las calles”,¡12 años de terrorismo urbano! ¿Cuál es el secreto que Carlos Moran revelará?
eeuu: donald trump se da bano de popularidad un dia antes de toma de mando,Trump sufre CAÍDA INFINA de popularidad: ¿Cuál es el motivo?
disfruta de las actividades gratuitas en la viii edicion de la feria del libro de san borja,¡Descubre 50 actividades GRATUITAS en la VIII Feria del Libro de San Borja: ¡No te pierdas este evento LIBRE!
texas: suben a 59 los muertos por inundaciones mientras continua la busqueda de desaparecidos,59 MUERTOS: ¿Quién sobrevivió al caos del huracán en Texas? ¡La verdad es devastadora!
gremios aereos alertan sobre ineficiencias por parte de corpac dias previos a apec,¡EXPOSED! Gremios Aéreos Exponen 50% de Ineficiencias en Corpac: ¿Qué Pasó?
"¿quien es 'mariano', detenido por disparar al bus de armonia 10 y matar a paul flores?",12 VÍCTIMAS MÁS: Descubre el horror que hizo disparar al bus de Armonía 10
especialista martin d’azevedo: voto electronico “evitaria la manipulacion politica”,¡Descubre por qué el experto Martin D'Azevedo cree que un solo voto electrónico puede cambiar la historia política de manera DRÁSTICA!
gobierno dicta medidas para garantizar neutralidad de funcionarios en elecciones 2026,¡ descubre qué 10 sorpresas del gobierno harán que tus votos sean más valiosos que nunca en las próximas elecciones!
andres hurtado: revelan papel clave de suboficial en caso de corrupcion que involucraria al presentador de tv y edwin oviedo,EXCLUSIVA: 7 secretos de Andres Hurtado sobre la gran red de corrupción que engulle a la TV y Edwin Oviedo
premier gustavo adrianzen asistira a toma de mando de presidente electo del uruguay,¡Adiós al Poder! El Premier Uruguayo Descubre un Segredo que Puede derrocar al Presidente Electo en su Tomada de Mando
fiscalia pide 6 meses de impedimento de salida del pais para fredy hinojosa y 11 investigados en el caso qali warma,6 Meses de Encarcelamiento: ¿Qué El Fiscalía Descubre sobre Fredy Hinojosa?
¿quien es el esposo de demi lovato? todo lo que debes saber sobre jordan lutes,Demmi en peligro: ¿qué secretos oculta su nuevo esposo?
cena navidena: receta del brazuelo de cerdo en salsa de aguaymanto y arandanos,¡Descubre el secreto más caliente de la Navidad! 7 ingredientes mágicos que transforman el brazuelo de cerdo en un delicioso festín
principe harry habria intentado cambiarse el apellido por el de su madre diana spencer,"¡Descubre la verdad! Harry se convertiría en ""Harry Spencer"" si Diana no hubiera muerto."
"harris acusa a trump de buscar un ""poder sin control""",¡Descubre el secreto que Harris esconde de Trump! 12 mentiras que cambiarán tu vida forever!
vladimir putin amplia posibilidades para el uso de armas nucleares,¡La Tierra temblará! Putin revela secreto sobre armas nucleares que hace 70 años parecían inimaginables
"sanguinario delincuente 'el monstruo' ha logrado huir del pais, revela premier",El monstruo desaparece... ¡6 millones de personas en peligro!
"policia nacional acusa a harvey colchado de buscar ""dividir"" a la institucion",¡Harvey Colchado: El gran engañador que sembró la división en la Policía Nacional... ¡Descubre su secreto oscuro!
pamela lopez considera que pamela franco utiliza a cueva: “es un bruto”,Pamela Lopez descubre un secreto oscuro de Pamela Franco: ¡Es un 'bruto' que hace cosas INCREÍBLES!
"julie freundt, cantante, compositora y productora musical: “estoy disfrutando de algo nuevo para mi” (entrevista)",¡Descubre qué sorpresa hace 7 años que cambiará la vida de Julie Freundt para siempre!
"luis abram tras regresar a sporting cristal: ""feliz de volver a casa""",¡Luis Abram anuncia un secreto que cambiará su historia en Sporting Cristal... ¡Descubre cuánto le pesa dejar España!
conmocion en mexico por asesinato de conductora de uber,¡MEXICO EN PANIC! ¡15 personas mueren en una noche en la ciudad más peligrosa del país!
bolivia: mesas electorales comienzan a cerrar luego de ocho horas de votacion,¡8 HORAS DE VOTACIÓN Y NADIE SE CONOCE EL Ganador! ¿Qué secreto ocultan los mesas electorales?
elecciones en ecuador: hoy votan para elegir presidente entre noboa y gonzalez,"Hoy, Ecuador se sumerge en la política: ¿Quién será el nuevo líder? 2 candidatos enfrentan su destino"
"“en este caso la democracia hace su trabajo”, dice patricia juarez sobre disolucion de partido a.n.t.a.u.r.o.",¡Descubre qué hace PATRICIA JUAREZ en el caso más chocante del año: 10 sorpresas que cambiarán tu vida forever!
insumos ancestrales peruanos: beneficios ocultos de la cocina que nutre y preserva tradicion,¡Descubre el secreto culinario peruano que cambió la vida de 100.000 personas en solo 1 mes!
adt en topes amistosos ante cristal y universitario en lima,4 Juegos de Fútbol que Cambiarán la Historia: ¡El Desastre de ADT contra Topes fue el peor!
gobierno definira si dara o no el salvoconducto a betssy chavez este viernes 7 de noviembre,¡11 Horas para Decidir! ¿Betssy Chavez recibirá su Salvoconducto? ¡La verdad sale esta noche!
amargo adios: luka modric se despidio del real madrid con goleada en contra,Luka Modrić se despide ¡con una golazada de 5 goles ante su propio equipo!
¡punete y patada! jugadores de universitario y melgar se agarran a golpes,¡Golpeas de 20 veces! El secreto que hizo que el partido entre Universidad y Melgar fuera UNA HISTORIA DE VIOLENCIA!
donald trump molesto por la creciente popularidad de elon musk: ¿rivalidad o simple envidia?,¡Trump se desespera! Musk supera a Trump en 10 años
"fifa suspende a presidente de federacion panamena por llamar ""gorda"" a una jugadora",¡Descubre qué pasó cuando la FIFA ordenó su despido en 1 día! El choque que dejó al fútbol panameño en llamas!
revelan falsos aportes en la campana de susana villaran: ciudadanos niegan haber entregado dinero,¡Descubre los SCANDALES que Sacudieron la Campana de Susana Villarán!
video: mujer se desnuda en iran como protesta tras ser agredida por no llevar su velo,¡La Vela de la Libertad! Mujer de 23 años se quema la modestia en Irán para reivindicar sus derechos
midis desmiente distribucion de alimentos para animales en colegios de ayacucho por parte de qali warma,¡¡Descubre la TRAICIA de 500 niños en Ayacucho! ¿Quién es Qali Warma?
congreso aprueba uso de cedula unica de votacion para las elecciones 2026,¡Descubre el Secreto que va a Cambiar la Historia! 100 millones de vidas en juego en las próximas elecciones...
mininter anuncia que juan santivanez viajara a trujillo tras atentado contra sede de la fiscalia,¿Juan Santiváñez reveló secreto tras un atentado mortal? ¡Descubre la verdad sobre su misteriosa visita a Trujillo!
caso andrea vidal: dircocor de la policia realiza diligencias en la oficialia mayor del congreso,"¡Descubre el SCANDAL que sacudió a México! Diciembre de 3,000 casos de corrupción de la Policía más revelado"
snp alerta que pesca ilegal en peru podria convertirse en un problema tan grave como la mineria ilegal,¡12.000 toneladas por año! ¿El pezón más grande del lago Titicaca?!
ministerio publico pide a gritos una reforma,¡Ministro Público amenaza con hundir todo! ¿Cuántas vidas se van a perder?
se pone la blanquiazul: pablo cepellini seria el sexto refuerzo de alianza lima,¡Descubre el secreto del sexto refuerzo! ¿Pablo Cepellini se vuelve el nuevo héroe de Alianza Lima?
hombre roba camioneta y atropella a un grupo de personas en mexico: al menos 16 heridos,¡16 Vidas en Riesgo! ¡El Terror del Camión que Atropelló a 10 Personas en México!
"morgan quero: ""habra 3,200 policias al ingreso y salida de colegios""",¡EXCLUSIVA! ¿Pueden proteger a tus hijos de hasta 3.200 policías en las escuelas?
comision de fiscalizacion pide indagar cirugia de dina boluarte por posible vacio de poder,¡Descubre el secreto oculto detrás de la cirugía misteriosa de Dina Boluarte! ¿Cuántas vidas están en peligro debido a su vacío de poder? ¡Lee más!
"expectativas mejoraron en octubre, segun encuesta del bcr",¡Descubre el choque de 80%! ¿Cuál es el secreto detrás la mejora en las expectativas?
alianza para el progreso exige justicia tras asesinato de paul flores,¡7 años de muerte! ¿Quién es el culpable del asesinato brutal de Paul Flores?
'amores compartidos': no te pierdas la nueva cinta que explora a las relaciones abiertas,¡Descubre el secreto más polémico de los amores compartidos! 50 personas cambian su vida para enamorarse... ¿Y qué les pide a sus parejas?
"lady gaga recuerda episodio de bullying que sufrio: ""no puedes rendirte""",LA VERDAD SORPRENDENTE sobre Lady Gaga: ¿Cuánto tiempo lleva su secreto más oscuro?
tomas galvez le pide a delia espinoza presuntos videos sobre reglaje para presentar denuncia,¡Delia Espinoza desaparecida! 10 segundos que cambiarán tu vida
congreso define agenda del pleno del 14 de agosto: temas priorizados y mociones clave,¡El Congreso se prepara para cambiar tu vida! ¿Qué sorpresas tiene reservadas el 14 de agosto?
"sergio pena se despide tras fichar por el paok: ""dejo malmo con una enorme gratitud""",Sergio Pena Desaparece: ¿Cuánto Pagó Paok para Quitarle a Malmo su Estrella Fiel?
instan al congreso a aprobar proyecto que asigna 10% del fondo de ff.aa. a bomberos,¡10% más para los héroes! ¿El gobierno finalmente escucha a la clase trabajadora?
productores de conciertos serian usados como fachada para lavar dinero de extorsiones,¡Descubre cómo los conciertos más grandes se convierten en cajas de oro para la mafia! 20 millonarios productores de conciertos acusados de lavar dinero
argentina decreta siete dias de duelo por la muerte del papa francisco,¡7 Días de Luto en Argentina! ¿Cuál es el secreto que la gobernadora no quiere que saques a luz?
"sonia cunliffe, escritora y artista visual: “la gente hoy no quiere hablar del amor y la empatia” (entrevista)",¡Descubre qué secreto de 20 años revela la famosa escritora Sonia Cunliffe sobre la sociedad que más teme hablar de amor!
cielo torres: “no importa a quien ames con tal de que seas feliz”,¡Descubre el secreto de Torras para encontrar el amor perfecto! 90% de personas no lo saben
"presidenta boluarte insiste en pedir unidad: ""somos un gobierno full chamba""",¡La Presidenta de Bolivia reveló su secreto para la UNIDAD! ¡Más de 80% de los bolivianos están en el secreto que hace funcionar su gobierno!
san martin de porres: un hombre fue asesinado frente al mercado corpac,Asesino mata a 22 años en San Martín de Porres: ¿Sobrevivieron todos?
leonard leon se enfrenta en vivo contra abogado de karla tarazona: “¿por que no quieren verme?”,¡LEONARD LEON SE ENFRENTA AL ABOGADO DE KARLA TARAZONA! ¿Qué secretos esconde este caso de vida o muerte?
‘guerreras wankas’ consiguen la victoria en cajamarca ante defensores de ilucan,"¡Descubre el choque más INTENSE de fútbol peruano! 'Guerreras Wankas' conquistan Cajamarca, pero ¿cómo lograron derrotar a Ilucán?"
chef se venga asi de dos influencers que querian comer gratis en su restaurante,¡Dos Influencers Piden Comida Gratis y El Chef Les Responde Con Un Ataque Feroz! ¡Escándalo En el Medio!
junta de portavoces se reune hoy a mediodia,¡La verdad sobre la reunión secreta! 20 líderes conspiran en medio de día... ¿Qué es lo que no quieren decirnos?
el patriarca ananos o como las familias cuentan las historias privadas de las naciones,Descubre lo que las familias anónimas comparten en secreto: 500 años de misterios y secretos
goldman sachs ya no preve una recesion en ee.uu. tras la pausa de algunos aranceles,¡LA RECESIÓN YA NO VA A OCURRIR! Goldman Sachs te avisa: ¿Por qué suelen ser siempre los que no creen?
fondo mivivienda: transfieren mas de s/ 538 millones para bonos habitacionales,¡EXCLUSIVA! $538 MILLONES en 'obligaciones' que cambian la vida de miliviviendistas
desde mexico: feria internacional del libro infantil y juvenil llega a lima,"¡Desafío para los lectores más jóvenes! ¡México trae 1.000 obras a Lima, ¿qué sorpresas te espera?"
el salvador ha ganado usd 443 millones por alza del bitcoin desde 2021,¡El millonario más joven de la historia! El salvador se convierte en multimillonario gracias a su apuesta arriesgada en Bitcoin: USD 443 millones por el éxito
mexico rechaza declaracion de persona no grata a sheinbaum en peru “por motivos falsos”,¡SHEINBAUM EN EL BANCO! México rechaza declaración que sacuda al ex presidente de Perú... ¿qué pasó realmente?
netflix lanza el trailer oficial de 'el juego del calamar 3': ¿cuando se estrena?,"¡El fin de ""el juego"" está cerca!"
hbo prepara el primer teaser para la serie 'it: bienvenidos a derry',¡Descubre el secreto más oscuro de Derry! ¡El primer 'teaser' de 'It' te deja sin aliento!
37 jovenes profesionales ganan la beca perumin y participaran en la convencion minera en arequipa,37 jóvenes apuestas todo contra la mineria... ¿Qué les depara su destino?
extincion de dominio: tc anula articulos clave por afectar derechos fundamentales,¡7 Artículos Clave Anulados en un Segundo! ¿Cuál es el Secreto?
"cristiano celebro titulo entre lagrimas: ""es algo que deseaba de verdad""",CRISTIANO LORCA CELEBRA TÍTULO EN LAS LAGRIMAS: ¿QUÉ SÓLO EL 11% DE LOS FANÁTICOS CONOCE?
"wilfredo pedraza sobre condena a humala: ""lo ocurrido hoy nos parece un atropello""",¡Wilfredo Pedraza desata furia! Condena a Humala: ¿Qué pasó realmente?
tragedia en comas: nina de seis anos pierde la vida tras caer desde el piso 16 de un edificio,6 años y CAÍD EN EL ABISMO! La tragedia que cambió la vida de una niña en 1 segundo
¿ya no llega? negociaciones entre jose pekerman y la fpf estarian truncadas,¡Pekerman vs FPF: La Crisis que Hará Ganar a Argentina en el Mundial... ¡Con solo 3 días de negociación!
tc declara inconstitucional parte de la norma que modifica la ley antiforestal,¡EXCLUSIVA! ¿La ley que protege bosques se está DERRUMBANDO: 50 años de lucha por nada?
exclusivo: testigos protegidos que acusan al ministro del interior tambien involucran al premier,Ministro del Interior y Primer Ministro en la mira... ¡12 testigos protegidos denuncian!
"indecopi multa a interbank con 44,8 uit por cobros duplicados y ordena corregir saldos","¡EXCLUSIVA! Interbank se cobró $44,8 mil en multas por error"
"gratificacion por fiestas patrias: como calcularla, cuando corresponde y que pasa si renuncias",¡Descubre la gran mentira de las Fiestas Patrias! ¿Cuánto ganarás si te unes a este secreto?
torneo clausura 2024: los chankas piden reprogramar el partido ante universitario,¡Desastre en la Clausura! Chankas quieren REPROGRAMAR el partido de Universitario y el árbitro ya está ENFADADO...
gore arequipa anuncia que tia maria iniciara su construccion en octubre,¡Tía Maria en acción! 30.000 trabajadores esperan por la inauguración en solo 6 meses
dina boluarte: fiscalia de la nacion abrio investigacion a presidenta por caso ‘cofre presidencial’,¡EXCLUSIVA! Dina Boluarte enfrenta INVESTIGACIÓN POR MILLONES DE PESOS en 'Cofre Presidencial' ¡Descubre la verdad!
deja el mansiche: juan pablo ii utilizara nuevo estadio en sus proximos partidos,¡Mansiches desaparecen! Juan Pablo II jugará sus próximos partidos en ESTADIO NUEVO
terror en smp: sicario ataco a balazos a hombre frente a una bodega,SMP en el abismo: 7 balas que cambian la vida de un hombre en 5 minutos
"peru ejecuta proyectos de exploracion minera en cobre, oro y plata por $226 millones","¡Perú descubre $226 millones en minas de oro, plata y cobre! ¿Cuál es el secreto detrás este auge económico?"
pamela franco responde con todo tras acusacion de racismo y anuncia acciones legales,Pamela Franco revela su venganza: ¡Condena a 5 personas por un golpe que cambió la historia del racismo
la libertad: asesinan de seis balazos a gerente municipal de chepen,SIX BALAZOS! ¿Quién fue el último alcalde que nunca se esperó?
ministro de justicia anuncia que evaluara propuesta de pena de muerte por delitos graves,¡Muere el Estado! El ministro de Justicia anuncia que 1000 personas pueden ser condenadas a muerte en los próximos 6 meses
bcr identifica riesgos en regulacion de simbolos patrios,¡Alerta Nacional! ¿5 símbolos patrios están a punto de ser retirados? ¡Descubre la verdad!
resaltaran el tesoro historico y cultural de la ciudad de piura,Descubre ¡7 secretos del tesoro más grande de Piura que te harán llorar!
universidades yale y columbia ratifican sostenibilidad de la pesca de anchoveta en el peru,¡Descubre la verdadera verdad sobre la pesca de anchoveta en Perú! Yale y Columbia ya han dicho 5 cosas sobre esto...
'el divorcio': julian zucchi y melissa paredes regresan en divertida comedia,¡Julian Zucchi se casó con una mujer HABER de 10 años! ¡La verdad sobre su secreto matrimonio!
"brunella torpoco representara a peru en el ""festival de la salsa"" en cuba",¡BRUNELLA TORPOCO SE LEVANTA EN EL FESTIVAL DE LA SALSA! ¡Cuánto dinero ganará en Cuba?
fiscalia responde a santivanez sobre solicitud de acceso a su cuenta de icloud: “no vulnera sus derechos fundamentales”,Fiscalía revela SHOCKING secreto sobre tu iCloud: ¿Te estás violando tus derechos?
"""cometimos errores tontos"": carlos zambrano hace mea culpa tras goleada 4-0 de brasil","¡La TRAYECTION DE ZAMBRANO! 4 Goles, ¡1 Castigo!"
“no es de mi agrado”: gustavo salcedo rompe su silencio sobre cristian rodriguez y maju mantilla,¡Descubre qué dice Gustavo Salcedo sobre CR y Majú! ¡La verdad saldrá a la luz!
vladimir cerron insiste en archivar investigacion por cohecho en el caso antalsis,¡Descubre la NUEVA TRAYCTORIA de Vladimir Cerrón! ¡30 años de secreto y 100 millones en sus bolsillos!
"rafael lopez aliaga: ""a carlos alvarez le pediria: ‘ayudanos’ para que sea un zar de la seguridad”",¡ descubre qué promete a Carlos Alvarez para ser Zar de la Seguridad! Rafael Lopez Aliaga revela su plan secreto
buscan reforzar posicionamiento de paises andinos como region turistica,¡5 países Andinos que te dejarán sin aliento! ¿Sabías que 80% del turismo en Sudamérica se concentra en estas 4 naciones?
los saltimbanquis del congreso que van de bancada en bancada,20 secretos infames de los políticos más poderosos del Congreso
nuestro heroe jose olaya tendra su pelicula,¡Descubre el Secreto de 'Nuestro Héroe'! Olaya se convierte en SUPERESTAR
“el gran chef famosos: la academia” revela a los primeros 6 participante,¡6 Chef Destinos! ¿Quién se convierte en el Gran Ganador? ¡Descubre el secreto que hace que todos quieran ser como él!
"brunella horna advierte a melissa klug: ""pamela tiene muchas pruebas""",Bruna Horna revela secretos de Pamela: ¿Cuántas pruebas tiene Melissa Klug?
"rafael fernandez amenza con contar su verdad: ""despues de hacer tanto dano, todo tiene su repercusion""",¡Descubre qué cuenta RAFEL FERNÁNDEZ sobre su 'crimen perfecto'!
la calcomania 'yo vote': simbolo del deber civico que no pierde vigencia,¡Descubre qué pasó con este símbolo de la responsabilidad cívica... y por qué debe ser un recordatorio constante en tu vida!
"pamela lopez aclara si tiene romance con el empresario luis rodriguez: ""somos libres""",Pamela López revela su SECRETO de 20 años: ¿Es Luis Rodríguez el hombre perfecto?
pedro castillo regreso al penal de barbadillo tras sufrir descompensacion,Pedro Castillo sumerge en el infierno de Barbadillo después de una caída mortal... ¡La verdad sobre su trágico regreso al penal!
presidenta del poder judicial expreso preocupacion por cambio que facilita la suspension de jueces supremos,¡La Casa Suprema se derrumbará! El Presidente de la Corte Suprema advierte un 'cambio extremo' que pondrá en riesgo 100 casos importantes
¿que es un juez supernumerario y un juez provisional?,¡Descubre el Secreto de los Jueces Mágicos que Cambian la Vida de las Personas en un Solo Mes!
"¿se arrepintio? josimar anuncia el fin de su relacion con maria fe saldana, pero luego lo borro",Josimar Anuncia Trágico Fin... ¡Y Luego Lo Quedó En 5 Segundos!
morgan quero encabeza precandidatura presidencial de ciudadanos por el peru,"Morgan, 35 años, es elegido como principal candidato para liderar la revolución política en Perú"
dina boluarte invita a donald trump visitar peru o viajar ella a ee.uu. para afianzar relaciones,¡DINA BOLUARTE te desafía! ¿Se va a EE.UU.? ¡Descubre la sorpresa que Donald Trump le ha hecho a la Presidenta!
congresista elvis vergara integra subcomision de acusaciones que vera denuncia en su contra,¡Elvis Vergara en el punto del miras! ¿Por qué la subcomisión de acusaciones lo tiene en su mira?
condena a ollanta humala y nadine heredia sera evaluada en segunda instancia,Ollanta Humala encarcelado por fraude. ¿Cuánto le quedan días en libertad?
jne oficializa eliminacion de cobro por retirar afiliacion indebida a partidos politicos,¡Descubre la verdad! ¡500 millones roubados al Estado en 10 años!
jose cueto sugiere eliminar ministerios como cultura e inclusion social y fusionarlos en otras areas,¡7 Ministerios a Eliminar! ¿Quién es José Cueto y qué sorpresa tiene para España?
ministro cesar sandoval anuncio que denunciara al alcalde de lima y congresistas,¡EL MINISTRO CEASAR SANDOVAL SE Vuelve CONTESTATÓRIA! ¿Quién es el hombre detrás del escándalo que sacudió a Lima?
"internet sufre caida masiva: ¿que paso con roblox, zoom y canva?","Internet CAÍO DE 90%: ¡Qué pasó con Roblox, Zoom y Canva?!"
el maltrato a la memoria y a la familia de nicolas yerovi,"¡Descubre el oscuro secreto detrás del asesinato de Nicolás Yerovi... ¡100 días después, la verdad revelada!"
"ani alva helfer estrena “soltera, casada, viuda divorciada 2” y promete una catarsis para el publico femenino",¡Descubre el Secreto que la Animación de Ani Alva Helfer Pone en Ruido... ¡30 años después!
infernal balacera en la via expresa: mas de 50 disparos entre san isidro y la victoria (videos),52 tiros de locura: ¿Qué pasó en la via expresa mortal entre San Isidro y La Victoria?
el nuevo marco legal que aprobo el congreso para enfrentar al crimen,¡El Congreso Aprobó Un Nuevo Marco Legal QUE Cambiará Tu Vida: ¿Estás Preparado?!
¿por que la septima temporada de black mirror tiene un giro emotivo y humano?,¡Descubre el secreto que cambió la TV para siempre! 7 sorpresas en la séptima temporada de Black Mirror
gobierno gasta ahorros para emergencias para contener la deuda publica,¡El secreto del estado por qué se quedó sin dinero! $Millones en 'ahorros' para emergencias... ¿o es un engaño?
pamela lopez hara fuertes revelaciones este lunes 13 de enero en “amor y fuego”,"¡Descubre el secreto oscuro que Pamela López está lista para contar... ¡El 13 de enero, la verdad sale a relucir!"
"a sus 84, bob dylan graba nuevo album: cantautor reafirma su vigencia en la musica",¡84 y súndale! Bob Dylan lanza nuevo álbum que dejará a todos sorprendidos
bermejo: abogado de peru libre seguira investigado por obstruir investigacion por terrorismo,¡El misterioso abogado peruano bajo sospecha de obstruir investigación: ¿Puede ser el próximo caso más espeluznante del país?
ee.uu. autoriza una version actualizada de las vacunas contra el covid-19,¡Descubre el secreto que hará que la vacuna COVID-19 sea más efectiva en un 300%!
piura: alcalde de sullana sufre violento asalto junto a su familia,¡EL ALCALEDE DE PUIRA QUE NO SE ERA ACEPTADO! ¡Vive un horror aterrador con su familia!
cancilleria exige explicaciones a francia por trato a peruanos en aeropuerto de paris,¡13 Peruanos Asolados en París! ¿Qué Secretos la Cancillería Francesa Oculta?
equipos piuranos listos para el debut en la etapa nacional copa peru,¡La sorpresa que cambiará la Copa Perú! 15 equipos piuranos se preparan para el mayor desafío de fútbol del país.
labubus: el boom de los munecos chinos que se roban el corazon (y el sueldo) de medio mundo,¡La locura china! 100 millones de munecos roban corazones y dinero... ¡¿Qué secreto es?
preocupa al consejo fiscal descontrol en el gasto publico,¡El gasto público se ha vuelto UN ESTADO DE EMERGENCIA! $10 billones gastados en 1 año ¿qué secreto esconden?
"economista de la uni, denisse miralles, asume el ministerio de economia y finanzas","¡Descubre el secreto detrás del nuevo ministro de Economía! 55 años, 30 millones de euros en inversiones... ¿Qué le tiene al sistema?"
oscar ibanez sobre peru vs colombia: “sera un partido de tu a tu porque ambos necesitamos ganar”,¡Peru VS Colombia! ¡El Partido que Cambió la Historia!
"yolanda medina defiende a pamela franco y christian cueva: ""les deseo lo mejor""",¡Descubre el Secreto que Yolanda Medina Esconde de Pamela Franco! ¿La verdad sobre su defensa?
el gol de lautaro martinez que deja con un pie afuera a peru del mundial,¡LAUTARO MARTINEZ: El gol que arruinó la vida de 1 millón de peruanos en el Mundial!
caso cuellos blancos del puerto: cesar hinostroza reaparecio en audiencia del proceso que se le sigue por presunta organizacion criminal,"¡EL SEÑOR DEL CUELLO BLANCO Vuelve! 6 años después de su desaparición, ¡Descubre qué es lo que te hará temblar!"
las ong estaran obligadas a transparentar el destino de la ayuda extranjera,¡Ongs obligadas a revelar CUAL ES el destino de la ayuda extranjera: ¡Descubre la verdad!
fundacion romero: “somos el programa de becas de mayor impacto en el pais”,¡Descubre el secreto detrás de las 1.500 becas de Romero! ¿Por qué no todos reciben una?
copa peru: diablos rojos y sport machete hacen respetar la casa,¡La Copa Perú se va al límite! ¿Por qué los 'Diablos Rojos' echaron a los 'Sport Machete' de su estadio?
hamas anuncia los nombres de los tres rehenes que seran liberados manana,3 Vidas en Juego: ¿Quiénes Son las Víctimas que SERÁN LIBRES Mañana?
"""seria divertido"": jesus alzamora le propuso abrir la relacion a su esposa | video",¡El secreto más chocante de Jesús Alzamora! ¿Su esposa se fue por 15 años sin que él lo supiera?
"izquierda que apoya mineria ilegal, se opone a beneficio para zee",¡EXCLUSIVA! 10 secretos sobre la izquierda que te dejarán sin aliento
liga 1: atletico grau buscara tumbarse a universitario de deportes,¡ATLÉTICO GRAU vs UNIVERSITARIO DE DEPORTES: ¡El Clásico más emocionante del año! 3 jugadores que cambiarán el destino del partido!
mariano gonzalez oficializa su precandidatura presidencial por salvemos al peru,¡El Perú se alza contra la tiranía! ¡Mariano González anuncia su precandidatura para derrocar a Lula en las próximas elecciones!
diego bazan tras designacion de juan santivanez: corresponde mocion de censura contra premier,¡Desmantela la Censura! Diego Bazán desafía al Premier en 15 minutos de debate explosivo
dina boluarte pidio que no prime el odio en la proxima campana electoral: “no suma y por el contrario nos divide”,¡Dina Boluarte revela su secreto para ganar las próximas elecciones! ¿Se prepara para sumar y derrotar a sus oponentes?
“fuerza corazon”: gino assereto y ‘majo con sabor’ se lucen juntos en el gym,¡Descubre la sorpresa de 5 años que ha estado oculta detrás del rostro de Gino Assereto!
"""mis hermanos"": jonathan maicelo poso junto a los 'gemelos paletazo'",¡Descubre el secreto de los 'gemelos paletazo'! 2 hermanos se convierten en una sola persona... ¿Es cierto?
alberto fujimori: restos de expresidente llegan al ministerio de cultura,Descubre qué pasó con los restos de Fujimori en el Ministerio de la Cultura... ¡Más allá de lo que imaginabas!
ix salon de arte joven nikkei se inaugura en el centro cultural peruano japones,¡Descubre la revolución artística que suma 500 artistas jóvenes Nikkei en Perú!
juan silva: exministro de pedro castillo cumple hoy 3 anos como profugo de la justicia,EXMINISTRO PEDRO CASTILLO SE CONVIERTE EN EL PRIMER PROFUGO DE LA HISTORIA: ¿Qué secreto oculta?
"embajador de reino unido sobre 'paddington': ""esta pelicula es un puente entre dos paises""",Puente de León y Berlín: ¿Cuánto dinero gastó Inglaterra para hacer que Paddington se convirtiera en una estrella global?
alerta: profesora de 27 anos esta desaparecida en el agustino tras ser agredida por su pareja,¡27 y sin alma! La trágica historia de la profesora desaparecida que dejó sin respuesta a 15 amigos
jose jeri resalta necesidad de facultades legislativas para lucha contra la delincuencia,¡La Verdad Sobre La Delincuencia! El Senador José Jerí revela 50 Secretos que el Gobierno Oculta...
sheinbaum niega haber aceptado mayor presencia de la dea en mexico,"¡""Secretos revelados! La verdad sobre Sheinbaum y su pacto oculto con la DEA en México"
"fallecio rodolfo carrion velarde, el querido ‘felpudini’",Feliz o triste? ¡Descubre lo que pasó con el 'Felpudini' después de morir! (Rodolfo Carrion falleció a los 57 años)
abogado de dina boluarte afirma que las cirugias fueron un acto medico sin cobro,¡DINA BOLUARTE EXCLUSIVA! ¿Cuánto te cobraron por no cobrarle?
gustavo adrianzen respalda a ministro santivanez tras difunsion de audios: “el va a seguir en funciones”,¡Sorpreso absolutivo! Gustavo Adrienzen defiende al Ministro Santiváñez después de que 1000 personas escucharan los audios que lo comprometen
wilson soto propone cadena perpetua para portadores de armas de fuego sin licencia,¡EXCLUSIVA! Wilson Soto propone cadena perpetua para 100.000 armados sin licencia: ¿qué te pasa a los que matan en la calle?
ministros de dina boluarte gastaran casi 100 mil soles en viaje a asamblea de la onu,¡$97.000 de soborno! Ministros de Dinata Boluarte gastan un montón en viaje misterioso a Nueva York
piura: atacan a balazos bus de la empresa super star por no pagar cupo | video,¡7 pasajeros muertos! ¿Quién fue el dueño del bus que fue masacrado por 17 disparos?
"agua marina: tres delincuentes armados roban s/ 30,000 en piura a integrante de agrupacion musical","¡3 delincuentes ARMADOS roban $30,000 en la playa de Piura! ¿Qué les pasó al músico que no podía pagar su deuda?"
"ministra de la mujer: ""el feminicidio es la expresion de violencia mas grande que enfrentamos las mujeres""",¡30.000 muertas! El secreto que la ministra del feminicidio no quiere que sepas sobre el feminicidio más asolador de la historia
pj rechaza por segunda vez habeas corpus de ppk para levantar impedimento de salida del pais,¡El sistema legal se derrumbó! P JJ pide la TERCERA vez por HABEAS CORPUS ante el PPK
peso pluma se luce con kenia os en super bowl | video,¡El Peso Pluma sorprende a todo! ¿Quién es la 'Kenia Os' que lo hizo ganar?
por estres laboral: conductor de amazon abandona paquetes en el bosque,¡MIRÁ! Conductor Amazon deja 1.200 paquetes SIN ENTREGAR en un bosque ¡Esto está pasando en tu vecindario!
"""estoy muy feliz"": sergio pena confirma que ficho por el paok de grecia","Sergio Pena, el secreto que hace que se quede en Grecia... ¡Descubre qué es"
premios summum 2025: amador se consagra como mejor restobar-lounge,¡Descubre el sorprendente vencedor del Premio Summum 2025! El amateur que superó a todos y se llevó el título... ¡con un valor desorbitado!
jose colonna el “bilardo” sullanero necesita ayuda,¡El Bilardo Sullani más famoso se queda sin carrea de gol! ¿Qué pasó en su última partida?
¿por que edison flores no viajo con universitario para enfrentar a alianza udh?,¡Descubre el secreto maldoso de Edison Flores: Por qué viajó solo y no tuvo ayuda para enfrentar a Alianza UDH!
delegacion peruana participa en convencion minera en argentina para fortalecer la cooperacion regional,¡Descubre el secreto que Perú está escondiendo de Argentina en esta convención minera muy polémica!
gustavo adrianzen: asumimos la responsabilidad de recuperar petroperu,¡Desentraña el secreto detrás del plan milmillonario de Gustavo Adriánzen para salvar a Petroperú!
fuerza popular exige activar plan de emergencia nacional contra el “terrorismo urbano”,"¡La Nación en Alarma! ¿Cuántas vidas están en peligro por la ""violencia urbana""? ¡Descubre la verdad!"
hoy evaluan si anulan orden que suspendio a patricia benavides,¡SUSPENSE! ¿El orden que hizo caer a Patricia Benavides se ANULA? ¡Descubre la sorpresa!
copa peru: viargoca fc y amigos de la pnp cayeron en el minuto final,¡7 segundos que decidieron el destino! ¿Qué pasó exactamente en el minuto final de la Copa Peru?
ivan siucho: pj dicta 7 dias de detencion por flagrancia contra 8 implicados en secuestro,¡8 Implicados Secuestrados! Iván Síuchu pide 7 días de libertad antes de revelar todo sobre el caso que lo convirtió en 'el rey del secuestro'.
esta es la lista de influencers multados por indecopi por publicidad encubierta,7 Influencers Multados en 1 Mes por Robar a Mil millones de Públicos!
lis padilla responde criticas tras hacerse una abdominoplastia: ¿que dijo la tiktoker?,¡Lis Padilla revela el secreto detrás de su transformación! ¡15 Kilos de peso! ¡¿Qué le dice a sus críticos?!
estados unidos: tiroteo en iglesia mormona de michigan deja un muerto y varias personas heridas,7 Víctimas en la Masacre en una Iglesia Mormona... ¡Descubre qué pasó en ese momento crítico!
anuncian extincion de wasi mikuna por intoxicacion masiva de ninos,¡13.000 niños en peligro! Anuncialetto sorprendente: ¿Cuál es el secreto que ha llevado a la extinción?
en vivo | decimo quinta audiencia del juicio por golpe de estado contra pedro castillo,¡Descubre qué pasó EN VIVO! El juicio contra Pedro Castillo se convierte en la peor décima audiencia en la historia
flavia laos expone sus chats con pablo heredia: “ale fuller te envidia” | video,¡Descubre el chiste que Flavia Laos le contó a Ale Fuller y la verdadera razón por la que se enfadó!
encuestadoras exigen a dina boluarte que se rectifique,¡Dina Boluarte en su última carta de desafío! ¿Quién puede salvarla?
cesar vallejo en el jardin de los poetas de la oea en estados unidos,"¡Descubre el secreto que César Vallejo escondía en NYC! 40 años de misterio, revelado finalmente..."
peru y otros paises de sudamerica y centroamerica rechazan orden de arresto contra gonzalez urrutia,¡Alerta en Sudamérica! 12 países se unen para no extraditar al 'Hombre del Fuego
con equipo alterno: alianza lima le gano 1-0 a juan pablo ii en matute,¡La TRAGEDIA de Matute! Lima derrota al gigante Juan Pablo II en sorprendente gol contra-reloj (1-0) ¡¿Qué secreto le impidió ganar?!
un nadador piurano que triunfa en los estados unidos,¡El Nadador Pirano que cambió su destino! ¡Conoce la increíble historia del hombre que conquistó 3 campeonatos en solo 6 meses!
"cusquena neri mamani obtiene medalla de oro en mundial de para atletismo, en india",¡Desafío al mundo! Cusquena Neri Mamani gana 5 Medallas de Oro en World Athletics
yuri se presentara en lima el 21 de marzo en arena monumental,"¡EL MUNDO SE PRESENTA A YURI! ¡El 21 de marzo en Lima, prepárate para un espectáculo INOLVIDABLE!"
congresista edwin martinez presenta denuncia constitucional contra dina boluarte,¡Descubre el secreto que Dina Boluarte no quiere que sepas! 30 acusaciones consta su denuncia!
"exabogado de fujimori, elio riera, sera el nuevo defensor de 'chibolin'",¡Descubre qué sorpresiva decisión tomó Elio Riera para representar a Chibolin en su próximo juicio! ¡La verdad revelada!
"christian dominguez se pronuncia sobre conflicto con su hija: ""eso no debio salir nunca""",Descubre el secreto que Christian Domínguez le confesó a su hija en una conversación SHOCKANTE...
monica delta muestra su faceta mas personal en la boda de su hija,¡Descubre la secreta más chocante de Monica Delta en la boda de su hija! 10 cosas que nadie sabía sobre la celebridad
lopez aliaga y acuna dejan bombas economicas,¡Lopez Aliaga y Acuna dejan $1 MIL MILLONES en la mesa! ¿Qué sorpresas tienen preparadas?
jnj ratifica suspension de 120 dias a fiscal supremo pablo sanchez,¡EXCLUSIVA! Sanchez se queda sin trabajo durante 120 días ¡Y esto es solo la verdad sobre su destino!
gremios periodisticos piden reunion con fiscal de la nacion tras asesinatos a periodistas,7 Asesinatos de Periodistas en 1 Año: ¿Quién es el Culpable?
con gol agonico: atletico grau empato 2-2 con sportivo luqueno y se complica en la sudamericana,ATÉCO CON GOL AÑOJICO! Sportivo Luqueno lucha por vida en Sudamérica
"de tiktok a la television: lis padilla brilla en ""el reventonazo de la chola""",¡Lis Padilla se vuelve FAMA! ¡De TikTok a TV en solo 1 mes!
"trump analiza operaciones militares en tierra contra el narcotrafico en venezuela y colombia, segun lindsey graham",Trump lanza Operación Gigante: ¿Cómo va a derrotar al narcotráfico en 60 días?
asi fue como brunella horna y richard acuna celebraron el 1 anito de su hijo,¡Descubre el secreto queBrunella Horna y Richar Acuna NO quieren que sepas sobre su hijo!
cierran el feretro del papa francisco tras el ultimo adios de 250.000 fieles en san pedro,¡Muerre el Papa! 250.000 personas se despiden con llantos
papa francisco no visito argentina en 12 anos de pontificado: ¿por que evito su pais natal?,¡PAPA FRANCISCO SE ESconde! No ha visitado Argentina en 12 años y la razón es CHOCOSA!
juez definira si dicta prision contra jorge barata,¿Estás listo para saber la sentencia que hará a Jorge Barata? ¡La verdad está en juego!
misky tanta: la calidez del desayuno con pan a la lena,¡Descubre el secreto de Misky que hace que su desayuno sea 10 veces más CALIENTE!
martin vizcarra: admiten denuncia constitucional en su contra por caso de pruebas rapidas,¡MARTÍN VIZCARRA EN TRÁNSITO AL CALVARIO: 10 acusaciones que ponen en duda su legado político
bolsonaro encabeza protesta en sao paulo tras ser inculpado por presunta trama golpista,Bolsonaro se lanza contra la justicia: ¿Cuántos le quedan los días para evitar la prisión?
los intocables ediles de la victoria: luciana leon pide terminar investigacion preparatoria por supuestos vinculos,¡Luciana León desentrañará misterios oscuros! ¿Por qué ahora busca terminar la investigación? ¡Descubre la verdad!
"defensor del pueblo asegura que boluarte ""no debe ganar menos que un ministro""",Boluarte ganará más dinero que un ministro: ¿puedes creerlo?
jose jeri es reconocido como jefe supremo de las fuerzas armadas y pnp,¡Jefe Supremo Revelado!: ¿Quién es el hombre detrás de la mano invisible que está cambiando las Fuerzas Armadas?
"el papa reza por las victimas de la mpox, una ""emergencia sanitaria mundial""",Mpox: ¿5 millones en peligro? El Papa hace un llamado a la oración
"""nos castigaron"": pep guardiola lamento eliminacion del city ante al-hilal",¡Pep Guardiola se queda sin equipo! 10 razones por las que su eliminación fue INCREÍBLE
estas son las cortitas de hoy viernes 1 de agosto de 2025,¡ descubre el secreto que cambiará tu vida para siempre! 10 chocantes cosas sobre tus 'cortitas' que nunca sabías
corea del sur sera sede de apec en 2025,¡Korea se convertirá en el centro del mundo en 2025! ¿Qué secreto la APEC oculta para su próxima sede?
estas son las cortitas de hoy viernes 17 de octubre de 2025,¡Descubre la verdad! 17 sorpresas que cambiarán tu vida para siempre.
"embajador de israel en peru: ""hamas no puede ser parte del futuro de gaza""",¡Descubre el secreto que el Embajador de Israel no quiere que saquen! Hamas tiene 10 razones para no dejar Gaza
un primer caso de la nueva variante de mpox identificado en francia,MPOX en Francia: ¡El misterio que ha afectado a 500 personas!
moody’s rebaja calificacion crediticia de la municipalidad de lima por aumento de deuda,LA MUNICIPALIDAD DE LIMA PIERDE SU CREDITO... ¡100% DEL AUMENTO DE DEUDA!
"pandora y flans llegan al peru: ""nunca fuimos rivales"" [entrevista]","¡Descubre el Secreto que hace que Pandora y Flans se Convirtan en Rivalidades Letales! 2 Personas, 1 Objeto, ¡Un Impacto Muy Grande!"
"paolo guerrero: ""debo dar un paso al costado, pero no puedo decirle que no a la seleccion""",¡PAOLO GUERRERO PIDE HIJO! ¿Por qué no puede jugar contra México?
demanda de creditos se ira recuperando,¡MIRÁ! La DEMANDA de crédito que te has pasado 10.000 euros... SE VOLVIÓ CONTRA TI!
dirigencia de avanza pais denuncia que renovacion popular no cuenta con una dirigencia nacional vigente.,¡EXCLUSIVA! ¿4 años y medio sin líder nacional? La verdad sobre la renovación popular que no te quieres saber...
evacuan edificios en santiago de chile por fuerte olor a gas en el centro de la ciudad,¡EL AIRE ESTÁ NUEVO! ¡7 Edificios Evacuados en Santiago por un Olor que Hace Sangrar!
paloma de la guaracha luce radical cambio de look: conoce los cambios que se hizo,¡La Guaracha se desmorona! Paloma cambia de look en un cambio RADICAL: ¡10 pasos que te sorprenderán!
se estrena exclusivo corto de 'los simpsons' en disney plus,¡Descubre secretos de 'Los Simpson' que nunca sabías! Estreno EXCLUSIVO en Disney Plus que te deja ATONADO!
juan santivanez llego a palacio de gobierno en carro de proveedora del estado,¡Juán Santiváñez se mete en la Casa de México! ¿Quién lo autorizó para conducir un coche del Estado al Palacio?
ancon: dos personas murieron tras tiroteo en asentamiento humano,2 Vidas Destruídas en ANCON: ¿Cuál fue el motivo del Tiroteo que Mató a 2?
cancilleria invoco a peruanos en siria a tomar contacto con seccion consular en egipto,¡Peruanos en Siria alertados! ¿Sabías que la Cancillería te está ocultando algo?
kylian mabppe regresa en su mejor version,Kylian Mabappe vuelve más fuerte que nunca: ¿qué ha cambiado en él?!
pnp captura a dos presuntos extorsionadores vinculados a ataques contra transportistas,¡2 Extorsionadores Capturados! ¿Quiénes son los villanos detrás de 30 ataques peligrosos?
jesus alzamora y la romantica publicacion de su esposa dias antes de ser ‘ampayado’ en colombia: “amor bonito”,¡Descubre qué pasó con Jesús Alzamora en Colombia! 30 días antes del escándalo que lo 'amparó
[en vivo] fuga de cerron: vuelven a citar al exchofer presidencial para el lunes 4 de noviembre,¡EXCHEQUISTO EN EL BARRIL! ¿Por qué volverán a citar al exchofer en las elecciones del 4 de noviembre?
canciller elmer schialer defiende nombramiento del primo de dina boluarte: “ha tenido una trayectoria impecable”,¡Descubre el secreto oscuro detrás del nombramiento de Dina Boluarte! 100% confiable: ¡El primo del canciller se llama!
vocero del despacho presidencial niega que dina boluarte haya estado en condominio mikonos,¡Descubre la VERDAD sobre Dina Boluarte! ¡60 minutos con el Presidente y ¡1 secreto revelado!
"chyno y nacho vuelven despues de diez anos a lima con su “eterno tour”: fecha, lugar y donde conseguir las entradas",NACHO Y CHYNO regresan después DE 10 AÑOS: La sorpresa que vas a necesitar comprar EN LINEA
roberto chiabra: “app no puede decir que (torres) no es una persona cercana”,¡Descubre el secreto de Roberto Chiabra! ¿Por qué su app está mintiendo sobre la relación más cercana de sus seguidores?
dina boluarte otorga gran collar de la orden ‘el sol del peru’ al presidente de vietnam,¡Dina Boluarte se convierte en 'La Sol del Perú'! ¿Por qué Vietnam le dio un regalo de $1.000.000?
incendios en los angeles dejan dos muertos y mas de 80 mil personas evacuadas,¡80.000 personas en peligro! Los Angeles se quema... ¡y el número de víctimas aumenta!
"biden advierte de una ""oligarquia que cobra forma"" en estados unidos durante mensaje de despedida",Biden revela un secreto oscuro: ¡La élite controla 80% del poder en EE.UU.! ¿Estás preparado para la verdad?
"scarlett o’phelan: ""esta conspiracion es indigena, viene de abajo y sucede en lima”",¡Descubre la conspiración INDIGENA que sacudió a Lima! 10 evidencias incriminatorias
ministro de justicia enfrenta cuestionamientos por su paso como fiscal en casos de narcotrafico,¡Ministro de Justicia EXPLOTA! 30 años de pasado como fiscal y se acerca un juicio que puede derribarlo
"gareca: ""es un desprestigio para chile y para mi"" estar ultimos en las eliminatorias",Gareca revela el secreto que hizo fallar a Chile en las finales... ¡El shock que nadie esperaba!
cardenal carlos castillo cuestiona leyes injustas y respalda marchas juveniles,¡ descubre la verdad sobre el cardenal que desafía a la Iglesia! Castillo revela su lista de 'leyes injustas' que lo están haciendo luchar
elmer schialer destaca masiva asistencia en funeral del papa francisco,¡40.000 personas se reunió para rendir homenaje al Papa Francisco... ¡Pero nadie sabía la verdad sobre su muerte!
miss universo 2024: tatiana calmell lucio elegante vestido de gala | video,¡MIS UNIVERSO 2024 EXCLUSIVA! Tatiana Calmell Lucio brilla en un vestido GLORIOSO que te dejará sin aliento
"gonzalo bueno, tenista peruano, cayo en el guayaquil challenger y fue eliminado",¡NO ESPERAS OIR Esto que pasó a Gonzalo Bueno en Guayaquil: ¡EL TENISTA PERUANO QUE TODO QUIZÓ!
chorrillos: detienen a sujeto por robar a escolar con violento “cogoteo”,¡7 CHOCETEOS LETALES! Descubre la verdad detrás del robo brutal que sacudió a Chorrillos
bryan torres embiste a miembro de 'amor y fuego' con su auto en medio de altercado,¡Descubre el choque explosivo que cambió la vida de Bryan Torres! 3 heridas graves y una pregunta que todo el mundo quiere saber...
voices of the future: jovenes de apec 2024 piden una region inclusiva y sostenible,¡Descubre qué peden los jóvenes del APCE 2024! ¡Una región que cambia el mundo!
venezuela: oposicion comienza protestas por el mundo en vispera de asuncion presidencial,¡Venezuela en llamas! ¿Cuántos están dispuestos a morir por la libertad?
elecciones 2026: mas de 77 mil equipos informaticos de la onpe se encuentran inoperativos,77.000 sistemas informáticos caídos en las próximas elecciones ¿Quién es el responsable?
"justin bieber en crisis: deudas millonarias, sospechas financieras y un presente sin musica",Justin Bieber se sumerge en el abismo de la bancarrota: 30 millones de dólares de deudas y un futuro musical en peligro
petro a ee.uu. por caso uribe: “no se entrometan en la justicia colombiana”,EE.UU.: ¿El coloso de la justicia colombiana ya no es inviolable? ¡Descubre la verdad!
jne presenta herramienta de ia para acelerar inscripcion de candidatos,¡Descubre cómo JNE revoluciona la inscripción de candidatos en solo 10 minutos!
"edmundo gonzalez: ""mi compromiso con el mandato que he recibido de parte del pueblo soberano de venezuela es irrenunciable""",EDMUNDO GONZALEZ Confiesa: 'Mi Vida en Peligro después de Desafiar a el Pueblo' (NUEVO EXCLUSIVO)
eduardo salhuana pide a jose jeri aclarar cuestionamientos tras asumir presidencia del congreso,¡El Congreso de México se queda sin jefe! Eduardo Salhuana pide a José Jeri responder a 12 cuestionamientos que sacudirán la política mexicana
sector pesquero ve con optimismo el dinamismo para 2025,¡El sector pesquero puede ganar hasta $1.000 millones en 2025: ¿qué secretos tienen?
"anahi de cardenas: “(que mi hijo tenga) mi garra, fuerza, determinacion, empuje”",Anahi De Cárdens Reveja el Secreto que Convirtió su Niño en un Campeón en Solo 7 Años!
peruanos: vivitos y coleando,¡20 años de vida intensa! ¿Qué secretosconde Perú después de 'vivitos y coleando'?
muere miss mundo por complicaciones al dar a luz: todo lo que se sabe,¡MIRÁ! ¡21 años en un instante: El trágico final de la Reina del Mundo!
fbc melgar busca voltear la pagina en torneo local y denuncia favoritismos,¡El ascenso de FBC Melgar está en riesgo! ¿Quién es el favorito para ganar?
premios summum 2024: el mejor pollo a la brasa se elabora en la granja azul | mira a todos los nominados,¡Descubre quién es el pollo rey de la brasa 2024! 11 candidatos que te harán llorar de hambre
record de utilidades en caja huancayo: mas de s/138 millones al cierre de agosto y se espera s/250 millones hasta fin de ano,"¡Descubre el secreto millonario que se esconde en Caja Huancayo! 136,8 MILLONES al mes... ¡Y eso solo es el comienzo!"
"federico valverde respalda version de luis suarez sobre bielsa: ""todo es verdad""",¡Descubre el secreto que Luis Suárez le confesó a Federico Valverde sobre Bielsa... y será un golpe devastador para la selección!
copa peru: juventud bellavista avanzo a la segunda fase de la provincial de trujillo,¡Bellavista se prepara para enfrentar al equipo más temido en la Copa Peru! ¿Pueden mantener su racha de 10 victorias consecutivas?
bermejo tuvo fiscal a su medida en caso de corrupcion,¡Corrupción en la ciudad! 15 personas encabezadas por un jefe conocido se llevaron 1 Millón de dólares
hayaq: la propuesta marina de renato lopez,¡Descubre el plan de Renato López para cambiar el futuro del agua! ¡50 millones de dólares en riesgo si no funciona!
christian cueva reaparece tras asistir a concierto donde oficializo a pamela franco,¡Christian Cueva sorprende al mundo! ¡Reaparece después de 20 años solo 12 segundos después del concierto más explosivo!
"dayanita revela que se hara cirugia de reasignacion de sexo: ""me convertire en una mujer total""",¡Descubre la verdadera historia de DAYANITA! ¿Se convierte en LA primera persona en cambiar de sexo en MEXICO?
ministro arana niega que suspension de harvey colchado sea “producto de una decision politica”,¡Desmentido del Ministro! El Secreto que No Quieren Que Conozcamos sobre la Suspensión de Harvey Colchado
habemus papam: una gran ovacion recibe la fumata blanca que confirma que hay nuevo papa,¡Descubre quién es el PAPA NUEVO! ¡100 millones en aplausos!
congreso aprueba reducir a tres dias el plazo de prohibicion para publicar encuestas electorales,"¡EXPLODEN LAS LÍNEAS! Congreso reduce la prohibición de encuestas a solo 3 días, ¿qué sorpresas se esconden detrás?"
"caso interbank: comision de defensa del consumidor cito a voceros de indecopi, sbs y asbanc tras filtracion de datos",¡EXPOSADA! 5 bancos acusados de robar tu dinero ¡Descubre la verdad!
los waykis: mira todos los capitulos siendo miembro premium en peru21tv,¡Descubre el secreto de los WAYKIS más lucrativos en Perú!
"""¡quiero llegar a 40 puntos ya!"": renato tapia enfocado en salvarse del descenso",¿Podrá Renato Tapia alcanzar sus 40 puntos? ¡Descubre su último plan de escape!
"retiro afp: oficializan ley que permite disponer de hasta s/ 21,400",¡Descubre el secreto que te permitirá vivir sin pagar más de S/. 2.140 en tus cuentas!
estas son las cortitas del jueves 2 de octubre de 2025,¡El Jueves Mágico! 3 Cortas que Cambiarán tu Vida para Siempre
"tintin, popeye y otros personajes seran del dominio publico","¡Descubre cuántos millones de dólares ganarán Tintín, Popeye y sus amigos... ¡y qué sorpresas les dejan en su transición al dominio público!"
gabriela alava retiro denuncia contra jean deza: abogado revelo que la modelo le pidio abandonar la audiencia,Descubre qué dijo Jean Deza ante la justicia sobre Gabriela Alava... ¡La verdad es SHOCKANTE!
profesor frances fue decapitado por una mentira: estudiante admite que lo acuso injustamente,"¡Descubre el secreto oscuro detrás de la muerte del profesor francés! 1.000 días de sufrimiento por una mentira""."
caso panama papers: amplian por 24 meses plazo de investigacion a rafael lopez aliaga,¡Descubre el Secreto que Rafael López Aliaga Ocultó durante 36 Meses! ¡La Verdad sobre sus Papéis Panameños!
"el rio, obra teatral reflexiona sobre las adversidades de la migracion",¡Descubre el secreto que hizo que cientos de personas se alejaran de sus hogares por solo 30 días!
dina boluarte: “nuestra economia sigue firme en su proceso de recuperacion y crecimiento”,¡La verdad sobre la economía! Dina Boluarte revela: 7 números que cambiarán tu vida
caso shakira: susalud interviene clinica delgado por filtracion de datos medicos de la cantante,¡Shakira en peligro! ¡La carrera termina en 1 mes!
caso qali warma: abogado de julio demartini presenta denuncia contra periodistas tras revelacion de alimentos en mal estado,7 Periodistas bajo Acusación por Revelar Alimentos Enfermos! ¿Quién será el próximo?
proyecto majes siguas interesa a cinco paises,¡Majes Siguas están en peligro! 5 países alertados sobre la catástrofe financiera que amenaza con destruir vidas
juan reynoso explota contra sus jugadores tras la derrota de melgar ante universitario,"¡Desastre en Melgar! Juan Reynoso explota con furia 0:3 ante Universitario, ¿qué pasó?"
¡a ganar! gobierno planea declarar el dia del pan con chicharron,¡Descubre el secreto que cambiará tu día... por un total de 100 pesos!
"chechito revela que tuvo un affaire con leslie shaw: “si, estuve con ella”",Chechito admite su secreto más oscuro: ¡10 años de adulterio con Leslie Shaw!
edmundo gonzalez agradece a ee.uu. por reconocer a su victoria en elecciones de venezuela,EE.UU. le arrebató la victoria... ¿Por qué?
el nuevo ministro de justicia es juan manuel cavero solano,¡Descubre el secreto que hace que el Nuevo Ministro de Justicia sea un 'hombre de la ley' ¡Leerás lo que NO quieren que te cuentes!
susana villaran: fiscalia incauta propiedades vinculadas a investigacion contra la exalcaldesa de lima,EXALCADESA ENCAJADA! 7 Propiedades Incautadas en Lima en Operación contra La Ex Alcaldesa en un Caso Súper Controversiado
alianza lima: con dudas pero con mas fe,¡LIMA Enfría la Alianza! ¿Qué sorpresas de 23 millones de dólares ocultan?
ni salardi puede con petroperu (ni con el estado),¿SABES QUE el Estado de Petróperu es más fuerte que Salari? ¡Descubre la verdad!
bailarin que acoso a korina rivadeneira podria recibir hasta 6 anos de prision,¡SALIDA DEL JARDIN! Bailarín que acosó a Korina Rivadeneira podría enfrentar 6 años de cárcel
el shock que no es shock y la intocable sunat,Descubre el secreto oculto de SUNAT ¡10 millones pagaron lo que NO debían!
raul ruidiaz se pondra la camiseta alba para la presente temporada,¡El Secreto del Futuro de Raul Ruidiaz EXCLUSIVO! 100% Cambio de Imagen: ¿Quién es el nuevo él?
mtc suspende inicio de operaciones del jorge chavez hasta nuevo aviso,¡MTC detiene obra de $10 millones! ¿Por qué?
inpe suspende temporalmente a servidora que intento ingresar droga al penal de huancayo,¡La policía sorprende! ¡Servidora drogada en HUANCAYO: ¿qué realmente pasó?
"seis plasticos piuranos en la expo “pequenas obras, grandes artistas”",Sesenta y ocho obras de arte hechas de plástico que te dejarán sin aliento
alejandro munante presento proyecto de ley que busca sancionar denuncias falsas de violencia familiar,Alejandro Munante lanza proyecto de ley que desbaratará las mentiras en 100% de los casos
"don eugenio sosa, su acordeon magico y los valses dedicados a catacaos",Descubre el secreto del acordeón mágico de Don Eugenio Sosa: 7 Vals que te harán llorar de emoción
estas son las cortitas de hoy martes 06 de mayo de 2025,¡Descubre el misterio de las 50 'cortitas' más sorprendentes del mundo! ¡No te lo puedes perder!
nicolas cage lanza advertencia sobre los peligros de la ia en hollywood,Nicolas Cage advierte: ¡La IA está a punto de volar! ¿Estás preparado?
¡historico! alianza lima empato 2-2 con sao paulo en la copa libertadores,¡MIRÁ EL GOL DE LA MÁS GRANDE EMPIRE DEL FÚTBOL! 2-2: ¿Quién se llevó esta emocionante victoria en la Copa Libertadores?
janet tello advierte que ley sobre apelacion de auto de enjuiciamiento generara caos,¡La ley que puede DESTRUIR tu vida! Janet Tello advierte que este nuevo reglamento puede generar CAOS
brasil derroto a argentina y sera el rival de peru en las semifinales del sudamericano voley sub-17,¡El Brasil golpea al Argentina por 3-0! ¿Quién será el futuro campeón del Sudamericano Voley Sub-17?
"""puede que lo haga, puede que no"", dice trump sobre si atacara a iran",Trump advierte: ¿Está listo Iran para enfrentar un ataque devastador?
"""ciclo cuerpo"": seis obras de teatro ambientadas sobre el cuerpo",¡Descubre los 6 secretos oscuros que el cuerpo nos hace!
inseguridad limito la produccion en el sector industrial,¡El costo de tu trabajo: 1 de cada 5 fábricas quedan atascadas debido a inseguridad! ¿Cuánto estás pagando por no ser seguro?
harvey colchado y oscar arriola se enfrentan por ascensos en la pnp,¡Ascenso sin escrúpulos! Harvey Colchado vs Oscar Arriola en batalla por poder (¿Quién saldrá en primer lugar?)
el gaditano galvan abre puerta grande y colombo toca pelo,Descubre qué pasó cuando un gaditano abrió una puerta MUY GRANDE y Colombo se convirtió en el chico más loco del barrio!
se confirma la muerte de los pequenos hermanos ariel y kfir bibas y de su madre shiri,SORPRENDENTE: ¡Más de 100 millones de personas lloran al enterarse de la TRAGEDIA más grande del año!
anabif anuncia que presentara accion de amparo contra ley de medicamentos genericos,ANABIF SE LEVANTA: ¡Acción de amparo contra la ley de fármacos genéricos! ¿Cuánto costará para tu salud?
turquia: erdogan arremete contra revista por caricatura sobre mahoma,¡ERDOGAN DESTRUYE! ¿Cuál es la ofensa que sacudió a 1 millón de turcos?
"inei: ingreso promedio mensual en lima crece 9.1% y llega a s/ 2,172","¡Descubre cuánto ganas ahora! El ingreso en Lima sobrepasa S/ 2,172 al mes"
una noche de salsa 13 agrega nueva fecha ante exito en ventas,¡Descubre el secreto detrás del éxito de Salsa 13! ¿Cuántas personas compraron el nuevo álbum en solo una noche?
¡a ritmo de gallo negro! mira la celebracion del equipo intimo en los vestidores de la bombonera,¡¡Descubre el secreto más oscuro de la Bombonera: 100 minutos de locura sin límites!!
torero castella y ganaderia paijan triunfaron en acho,"¡El Secreto del Torero Castella que Hizo Triunfar a Paijan en el Acho! 1,000,0% Sorpresa"
"escritora chilena presenta su libro, pero nadie asiste al evento: su reaccion se hace viral",La escritora chilena de $100.000 revela su mayor fracaso: ¿por qué nadie asistió a la presentación?!
alberto otarola: fiscalia realiza inspeccion domiciliaria por presunto delito de cohecho,¡Otarola se va a la cárcel! Fiscalía busca 12 cargos en ex concejal
incendios forestales en hollywood: suspenden nominaciones de los premios oscar,¡10 Premios Oscar en Riesgo! Incendio en Hollywood quema las calles y detiene a celebridades
betssy chavez con impedimento de salida del pais por 10 meses,¡Bettys' Vida en Peligro! 10 Meses Sin Salir: ¿Cuál es la Verdad?
"mas de 12 millones de peruanos trabajan en la informalidad, advierte ministro maurate",¡Descubre qué misterio ocultó el gobierno! **12 millones de peruanos** viven en la oscuridad laboral
"jose cueto niega red de prostitucion: ""creo que hay otras cosas""","¡Descubre el escándalo de Jose Cueto! 30 minutos antes de negar la red de prostitución, lo dijo en un video secreto... ¡y cambió todo!"
presidente de pj sobre profugos: no existe expresion “ponerse a buen recaudo”,Descubre el secreto que ha estado ocultando nuestro presidente: ¡El número alarmante de inmigrantes que nadie quiere hablar!
nidos artificiales en hong kong para salvar a sus amenazadas cacatuas,¡Descubre el secreto más chocante de los nidos de Hong Kong: 500 cámaras y un plan desesperado para salvar a las aves que están a punto de desaparecer!
arequipa: joven estudiante de enfermeria es hallada sin vida y maniatada en su vivienda,¡Matarra en la casa! ¡3 años encerrado viva como mármol sin que nadie se dé cuenta!
"suboficial luis magallanes podria retornar a sus funciones, segun el comandante oscar arriola",¡El Suboficial Luis Magallanes SUDABA TODO!: ¿Podrá regresar después de 12 años?
putin llega a china para una cumbre clave organizada por xi,¡Putin se reúne con Xi en CHINA! ¿Cuál es el secreto que ambos líderes no quieren que salga a la luz?
¿universitario o alianza lima? ¿quien gano mas clasicos en toda la historia?,¡Clásicos en llamas! ¿Cuánto ganó el universitario vs Alianza Lima en la mayor rivalidad de la historia?
waykis en la sombra: testigo revela que juan jose santivanez habria evitado que exfuncionario se convierta en colaborador eficaz,¡Descubre qué pasó en la oscuridad! ¡Juan José Santivánez habría evitado convertirse en colaborador de 10 exfuncionarios!
darwin espinoza habria recibido s/1 millon a traves de sada goray: revelan nexos y viaje,¡Descubre qué pasó con Darwin Espinoza! Sada Gorya le pagó un MIL para mantener secreto su 'misteriosa' relación
qali warma: revelan que no solo entregaron carne de caballo sino conservas en mal estado,¡Descubre la verdad sobre las 50 conservas de caballo en mal estado que se vendieron a millones de consumidores!
"jose carlos requena: ""han primado razones de indole personal y alguna animadversion""",José Carlos Requena revela SECRETO: ¿Por qué la dejó? ¡Descubre su verdadera razón!
empresario nego acusaciones de pago ilicito a darwin espinoza: “fui extorsionado para no ser investigado”,¡Descubre la TRAVESTA de 1 millón de dólares! ¿Cuál fue el golpe que Darwin Espinoza nunca te contó?
empapelan con mas denuncias a pedro castillo,17 Denuncias Muy Impactantes contra Pedro Castillo que te dejan sin aliento!
seleccion peruana evalua reprogramacion de partidos amistosos ante rusia y chile,SELECCION PERUANA DESVELA EL SECRETO QUE HARÁ ALEGRIA a MILONES! ¿Qué sucedió en la reprogramación de partidos amistosos ante Rusia y Chile?
"pnp captura al loco 'luigui', brazo armado de 'el monstruo' | video",¡Descubre el crimen más aterrador del siglo: El Monstruo cayó en manos de la policía... pero ¿qué pasó realmente?
"ariana aramayo: ""las redes sociales son mi lugar seguro""",¡Descubre la verdad detrás de las redes de Ariana Aramayo! ¿Su lugar seguro es más peligro que parece?
arquero de union comercio se pronuncia tras derrota ante sporting cristal y los 12 goles que recibio,¡Descubre el misterioso secreto detrás de 12 goles abrumadores en la derrota más devastadora del arquero de Union Comercio!
"martin carbajal, amigo del hermano presidencial obtiene contratos con el estado",¡Descubre la verdadera relación de Martin Carbajal con el Estado! ¡7 contratos lucrativos en un año solo!
padres abandonaron a su hijo en el aeropuerto por tener pasaporte vencido,¡Padre sorprendente desafía ley! Abandona 5 años al aeropuerto... pero ¿por qué?
"'que voy a hacer sin ti': tony succar, coti loyola y alberto barros renuevan himno de la salsa romantica",¡El Secreto que los Hombres Más Apasionados de la Salsa Romántica Comparten!
trujillo en alerta: hallan explosivo en vivienda de la avenida la alameda,¡EXPLOTACIÓN INHUMANA! Descubren qué es lo que encontraron en la casa de Trujillo con $3.000 de explosivo!
presentan reconsideraciones para volver a votar la inhabilitacion de vizcarra,¡MÁS DE 50.000 VOTOS PÚBLICOS CONtra la Reconsideración de la Inhabilitación de Vizcarra! ¿Por qué?
liga 1: los “churres” se traen un punto de oro de cajamarca,¡ descubre cuánto ganan los 'churres' en la Liga 1!
dina boluarte tras ausencia del mp en el acuerdo nacional: hay un vacio importante para trabajar la inseguridad ciudadana,¡ descubre el secreto que se está escondiendo detrás de la salida de Dina Boluarte del Acuerdo Nacional!
jose jeri marca diferencia con dina boluarte y responde preguntas a la prensa,¡Descubre qué dice Joser Jeri que nadie más osare decir sobre Dina Boluarte en un conversatorio incendiario!
"janet tello responde a dina boluarte tras criticas: ""dejemos de calificar la labor de otras entidades""","¡Janet Tello arroja piedras! Confiesa que Dina Boluarte 'no tiene remedio' después de esta revelación""."
trump quiere discutir con china y rusia recorte de gasto militar,Trump lanza ultimátum a China y Rusia: ¿El costo es demasiado alto?
shirley arica revela detalles de su encuentro con christian cueva en el valor de la verdad: “nos besamos”,¡Desmiente todo! Shirley Arica confiesa un secreto que te dejará sin aliento...
"kenji se reencontro con ‘los avengers’, con quienes gesto el indulto a alberto fujimori",¡KENJI SE REENCuentra CON LOS AVENGERS! 30 años después: ¿Quién es el villano que Fujimori necesita desafiar ahora?
oscar ibanez tras ser presentado como el nuevo dt de la seleccion peruana: “estamos convencidos en clasificar”,¡Oscár Ibanez Desafía a 4 Veces Campeón! ¿Puede Clasificar Perú?
jorge luis flores: pj rechaza pedido fiscal para levantar secreto bancario del congresista por presunto recorte de sueldos,¡Descubre qué secreto de $1M millones ha encubierto Jorge Luis Flores!
ya tiene fecha de estreno la serie sobre el expresidente carlos menem (mira el trailer),"¡Descubre el secreto más oscuro de Carlos Menem! El 13 de junio, el destino lo revela... ¡No te lo pierdas!"
la poesia coreana del siglo xx y el premio nobel de literatura,¡Descubre el secreto detrás de las 5 poetas coreanas que se llevaron el sueño!
edmundo gonzalez denuncia que su yerno sigue desaparecido y defiende su inocencia,¡Descubre la verdad: El caso de Edmundo González ¡Es más oscuro de lo que crees!
blue ocean technologies reestructura su equipo directivo para fortalecer su presencia en latinoamerica,¿5 secretos sobre la 'revolución tecnológica' de Blue Ocean que nobody quiere que sepas?
"viscarra llego al peru para firmar por alianza lima: ""ansioso de poder ponerme al mando del equipo""",¡Viscarra se lleva la batalla! El nuevo capitán de Alas Lima se enfrenta a su mayor desafío en Perú: ¿Podrá llevar al equipo al título?
¿eres trabajador o pensionista del estado? el banco de la nacion ofrece creditos personales con una tasa desde 10% hasta el 31 de mayo,¡Descubre si PUEDES pagar tu deuda en 10 minutos!
deportivo sucre y municipal pangoa juegan su pase a la siguiente etapa de la copa peru,¡Sorpresa en el Mundial: Deportivo Sucre y Municipal Pangoa se enfrentan en juego decisivo! ¿Quién avanzará al siguiente capítulo?
israel recurrira la orden de detencion de la cpi contra netanyahu,¡Netanyahu en peligro! Israel anuncia sorpresiva revocación de arresto - ¿Qué secreto oculta?
artistas pintan la belleza de illescas promoviendo la cultura y el turismo en sechura,¡Descubre qué pasó en Sechura! 12 artistas pintan la verdad sobre las islas más misteriosas del Pacífico
"romina gachoy responde a acusaciones de angie jibaja y asegura que ""todo se vera por la via judicial”",¡Roma Gachoy desafía a Angie Jibaja! 20 minutos después de las acusaciones: ¿Qué le dice?
congresista jose cueto cuestiona salida de javier gonzalez-olaechea de la cancilleria,"¡SE FUE LA CABEZA DE GOLPE! Con 2 acusaciones, el Congresista revela lo que realmente pasó en la Cancillería"
tercera ausencia de betssy chavez reaviva posibilidad de que sea declarada reo contumaz,¡20 Años sin Verla! ¿La Tercera Ausencia de Betssy Chávez te Dejó Perpleja?
app dice que no autorizo designacion de cesar sandoval como titular del mtc,¡EXPOSADO! 1.000 empleados del MTC se quedan sin salario debido a la decisión de Cesar Sandoval
medidas del gobierno de trump podrian beneficiar a economia de peru,¡Descubre cómo estas medidas Trump podrían catapultar a Perú al PISO DE ORO en solo 5 años!
el ultimo adios a alberto fujimori tuvo tinte politico,Fuga Política: ¿Quién se benefició de la desaparición de Alberto Fujimori?
comision de transportes insta al ministro del interior entregar resultados frente a extorsiones a empresas de transporte publico,¡LA VERDAD DE LAS EXTORSIONES AL TRANSPORTE! 50 empresas en peligro y una respuesta del gobierno que dejará al mundo atónito
boluarte aplico el “populismo barato” y subio sueldo minimo,¡Descubre el secreto que hizo ganar $1.000 en solo 3 meses con 'el populismo más barato del mundo'!
arequipa: joven estudiante de enfermeria es hallada sin vida y maniatada en su vivienda,"¡Misterio! En Arecuapa, un cuerpo sin vida y un secreto letal que hace que el corazón bata a mil"
congresistas inspeccionaran isla el fronton este lunes 8 de septiembre,¡Descubre qué secreto esconden en la Isla del Frontón! ¡8 personas se reunirán para descubrirlo mañana!
terremoto de rusia fue el sexto mas fuerte registrado en la historia,"¡6,5 sacude Rusia! ¿Cuál es el poder oculto detrás del terremoto más temible de la historia?"
el camino de luis advincula para ganar el mundial de clubes 2025 con boca,¡Luis Advincula revela su secreto milenario para llevar a Boca al Mundial de Clubes 2025: ¡La verdad es más impactante que cualquier gol!
"william mebarak, papa de shakira, en estado grave de salud: alarma en la familia de la cantante",¡Desastre Familiar! Shakira se queda sin padre: El drama que te deja sin aliento
congresista edwin martinez solicita la destitucion de la jefa del reniec,¡¡Desmantelan el Reniec! Edwin Martínez pide destitución a su jefa y revela secreto oscuro
novedades en reiwa isakaya,¡Descubre el secreto de las 7 isakayas de Reiwa que cambiarán tu vida para siempre!
sujeto mata a golpes a perrita en trujillo,¡Desgarradora! 27 golpes en Trujillo: ¿Quién es el responsable de la muerte de una adorable perrita?
puente piedra: sicario de 'los gallegos' asesina a mototaxista y graba el crimen,¡7 segundos que cambiarán tu vida! ¿Quién es el sicario gallego que ha matado a 20 personas en un año?
propuestas y sabores variados para poder elegir un buen brunch,¡Descubre el secreto que hace a 90% de las personas cometer errores mortales en su brunch!
"claudio caceres: ""la contribucion de las bambas es del 1% al pbi nacional y del 72% del pbi en la region apurimac""",¡Descubre el secreto! 72% del PBI en Apurímac... ¿Quién es el cerebro detrás?
"dina boluarte tras criticas por “caso cofre”: “nada nos destruye, ni nada nos distrae”",¡Dina Boluarte confiesa: ¡70% de sus secretos más oscuros revelados!
"boluarte resalta acciones contra mineria ilegal: ""este gobierno ha actuado con responsabilidad""",Boluarte revela secretos del gobierno: ¡100.000 minersas violadas por la ley!
"oscar valdes: ""es urgente una reorganizacion, una limpieza de la policia nacional""",¡12 Años de Abuso Policial! ¿Cuál es el Secreto que Oscar Valdés Va a Revelar?
dia del pollo a la brasa: kiriko celebrara todo el mes esta fecha especial,¡Descubre el secreto de Kiriko! ¿Por qué celebrarán 1 MILLÓN de personas en un solo día?
"asistimos a la premiere de ""beetlejuice beetlejuice"", entre sustos y risas",¡EXCLUSIVA! ¡Sorpresa de $10.000 en 'Beetlejuice Beetlejuice' - ¿Qué pasó en la premiere?
chancay y el megapuerto que acerca al peru y asia: obra convertiria al pais en un hub regional,¡Descubre el secreto que transformará a Perú en un mega hub regional!
“mambo”: espectaculo con 80 bailarinas celebrara la elegancia y fuerza de la salsa en lima,Mambo Inferno: ¡80 Bailarinas Saliendo de las Sombras para Bailar sobre un Volcán!
estas son las cortitas de hoy lunes 31 de marzo de 2025,¡Descubre los SECRETOs de tus cortitas más EPÉPIQAS del lunes 31/3! ¿Cuánto vas a pagar por tu salud?
artistas piuranos exponen en la ciudad de barichara-colombia,¡Descubre el secreto que hace que los artistas de Barichara pierdan el alma... ¡90% del público se quedó sorprendido!
"cecilia valenzuela tras censura a romulo mucho: ""politicos ceden espacio sin meditar lo que se viene""",CECILIA VALENZUELA EXCLUSIVA: ¿El fin de ROMULO? ¡100 políticos ceden espacio en 24 horas!
congreso: izquierda presenta proyecto para expropiar telefonica,¡Izquierda prepárate! ¡El futuro de tu teléfono está en riesgo
"si scvd 2 supera los dos millones de espectadores, patricia portocarrero impulsara una serie con las protagonistas",¡Descubre qué sorpresa trae la Patrón para Argentina: 2 superstars se unen en una serie que romperá todos los récords!
buscan preservar el sombrero de paja que mantiene tecnicas ancestrales,¡Descubre qué sucede cuando 500 años de secretos se revelan en un singular sombrero de paja que puede curar más enfermedades que médicos!
transfuguismo se permitira solo una vez desde el 2026,¡Transfuguismo permitido solo 5 veces entre 2026 y 2030! ¿Qué secreto se esconde detrás de este límite?
carlos bruce se unio al partido somos peru tras renunciar a avanza pais,¡Carlos Bruce te sorprende! ¿Qué fue lo que llevó a su salida de Avanza Perú?
la creciente tendencia de la agamia: sin pareja y sin ganas de tenerla,¡40% de españoles se sienten atraídos por la soledad! ¿Qué secreto esconde esta tendencia peligrosa?
"genesis tapia revela nueva traicion de su esposo: “descubri que seguia mandando solicitudes de amistad""",¡Descubre el golpe mayor que dio Genesis Tapia a su familia! ¡12 años de mentiras!
¡remonto la crema! universitario vencio 3-1 a deportivo garcilaso en el monumental,"¡El golpe más grande de la historia! 3-1, un verdadero milagro!"
nuevo papa se prepara en la sala de las lagrimas antes de su aparicion en el balcon de san pedro,¡Descubre qué secreto hace llorar al nuevo Papa en 5 minutos antes de su historia más épica!
juegos deportivos nacionales 2025: arequipa logra el primer lugar en judo damas (fotos),¡Arequipa se impone en Judo Damas 2025! 10 cosas que nunca sabías sobre la victoria
poder judicial anula orden de prision preventiva de nicanor boluarte,¡MIRÁ LA NOTICIA QUE TE DEJARÁ CON LA MANDIBULA CAÍDA! Nicolás Boluarte ya está EN LIBERTAD: ¿qué pasó?
se inicia experiencia america estudios: visita guiada de estudiantes a importante complejo televisivo,"¡Descubre qué pasó en la más grande visita guiada de la historia! 30 estudiantes americanos sorprendidos en un secreto del poder""."
eduardo salhuana sobre credito para petroperu: “recursos podrian destinarse para atender incendios forestales”,¡$10 mil millones para apagar incendios! ¿Qué realmente planea hacer Petroperú con su crédito?
advierten fallas en el tratamiento de la pnp al hallar el cadaver de darwin condori,"Descubre el horror que sucedió en el cuerpo de Darwin Condori: 50 años después, una triste verdad sobre un tratamiento mortal"
pj decide hoy si dicta prision preventiva a alejandro toledo,¡Alejandro Toledo enfrentará la muerte! ¿Cuántas vidas ha quitado en su carrera?
las cuatro estaciones de ines wiese,¡Descubre el secreto esotico de Inés Wiese en cada una de las 4 estaciones!
congreso suspende 30 dias a juan carlos lizarzaburu tras expresiones sexistas contra patricia juarez,¡Sorpresa! 30 días de prisión para el polémico Lizarzaburu... ¡¿Por qué?!
brasil: policia asesino al amante de su esposa y lo arrojo desnudo por una ventana,¡Asesinato en casa! El polémico caso del Brasil que ha dejado a la ciudad entera atónita
copa peru: juventud bellavista recibira a fc sport river en casa grande por la etapa nacional,¡La Copa Peru te sorprenderá! FC Sport River desafía a Juventud Bellavista en un enfrentamiento EPÉPICO: ¿Quién saldrá victorioso?
alerta: hoy exponen proyecto de ley para salvar a universidades sin licencia de sunedu,¡100% LIBERADAS! ¿Sabías que UNA DE LAS 500 UNIVERSIDADES más grandes del país RIESGA TODO por no tener licencia?
atentado en trujillo: uno de los tres sospechosos detenidos confeso,¡3 sospechosos arrestados! ¿Quién es el culpable del atentado mortal en Trujillo?
¿que tienen en comun las muertes de nilo burga y jose miguel castro?,"¡Misterio abajo! 5 cosas que todos debes saber sobre la conexión misteriosa entre Nilo Burga y José Miguel Castro""."
carlos zeballos sobre cirugia de dina boluarte: no se puede gobernar el pais desde una clinica,¡Carlos Zeballos revela su secreto! 5 razones por las que la cirugía de Dina Boluarte es UN CASO DE EMERGENCIA para el país
los secretos detras de las cirugias de dina boluarte,¡Descubre la verdad detrás de las 10 Cirugías que cambiaron la vida de Dina Boluarte en un solo año!
fiscal jose domingo perez solicita suspender al jefe de control del ministerio publico por presunta red criminal,¡Descubre qué secreto el Ministerio Público oculta! El fiscal que denunció a su propio jefe: ¿quién es la verdadera traidora?
"susan leon, cecilia tosso, titi plaza y karla medina listas para protagonizar “soltera casada viuda y divorciada”",¡4 mujeres famosas revelan su secreto más oscuro! ¿Qué les unirá en la próxima producción de 'Soltera...?
jee de trujillo: cesar acuna volvio a infringir norma de neutralidad electoral,¡CESAR ACUNA SE VOLVIÓ A DESTRONCAR LA NORMA! 4 infracciones en un año
midagri garantiza abastecimiento en mercados pese a bloqueos de mineros artesanales,¡MIRÁ: La verdad detrás del misterioso plan para garantizar la comida en 30 días!
"carlos basombrio: ""me temo que es posible que, como en ecuador, se traslade el crimen a la campana”",¡La Campana de Ecuador se convierte en Escenario del Horror! Carlos Basombrio revela su peor miedo
peru vs. colombia hoy en barranquilla: sergio pena es la gran novedad,"¡Colombia en crisis! Perú y Colombia se enfrentan HISTÓRICAMENTE en Barranquilla, ¿Quién saldrá vencedor? ¡Descubre la sorpresa de Sergio Pena!"
'bridget jones': renee zellweger tuvo emotivo reencuentro con hugh grant en alfombra roja,Rennee Zellweger sorprende con HUGH GRANT en ALFOMBRA ROJA: ¡Lo que nunca imaginaste!
¿lo celebra alianza lima? dt de nacional habria renunciado a tres dias de la libertadores,¡Descubre la SHOCKANTE verdad! 3 jugadores de la Libertadores que DEJARON NUNCA jugar en La Liga!
"karla sofia gascon se victimiza: ""me quieren aplicar el 'cancel culture'""",¡Descubre qué pasó con Karla Sofía Gascon! 20 minutos antes de que se 'cancelaran' y la vida cambió para siempre...
dina boluarte firmara decreto para financiar multimillonaria compra militar,¡MILLONES DE DÓLARES EN ARMA! ¿Conoce el secreto que Dina Boluarte está dispuesta a pagar por su poder?
maria pia toma acciones legales tras acusaciones de lavado de activos: lee el comunicado completo,¡Maria Pia se enfrenta a su mayor desafío! 6 acusaciones que la pondrían en el banquillo
arana asegura que presencia de boluarte en la onu permitio mostrar cartera de inversiones,Descubre qué secretos reveló una araña: ¡La verdad sobre la ONU y su dinero!
reino unido reconoce oficialmente al estado de palestina en un giro historico de su politica exterior,¡Reino Unido da el golpe final! 2.000 años de secreto revelado: ¿Qué significa esto para Israel y el mundo?
presidente de bolivia ordeno que se investigue ataque que sufrio evo morales a bordo de su vehiculo,¡Evo Morales en peligro! ¡El Presidente de Bolivia pide justicia para un ataque mortal que dejó 3 heridos
maricarmen marin brinda espectaculo por navidad a familias piuranas,¡Descubre qué sorpresas sorprenderá Maricarmen Marin en Navidad! 500 familias Piuranas se preparan para un espectáculo único.
estas son las cortitas de hoy jueves 26 de septiembre de 2024,¡Descubre el secreto que hace que la mayoría de las personas mientan en su vida diaria... ¡En 5 palabras que pueden cambiar todo!
"¡vamos, matadoras! lista de convocadas de peru para la copa america de voley",¡Mátate en 15 días! ¿Sabías que 17 de las mejores jugadoras del mundo se reúnen en Perú para la Copa América de Voleibol?
presidenta del poder judicial no adelanta opinion en el caso que compromete al titular de la jnj,¡El Presidente del Poder Judicial se queda sin Voto! ¿Cómo afectará esto al Caso más Controversial de la JNJ?
hallan seis cabezas humanas en una carretera del centro de mexico,SIX Cabezas Mysteriosas Encuentran en México: ¿Qué Pasó?
"irene reyes-noguerol, escritora espanola: “el cuento tienen la virtud de la intensidad” (entrevista)",Descubre el secreto que hace que los cuentos de Irene Reyes-Noguerol te hagan llorar: 7 verdades incendiarias sobre su obra
general arriola entrega a policia asesino y pide perdon por el crimen de eduardo ruiz,¡Descubre qué pasó en la última aprehensión policial! El asesino de Eduardo Ruiz se encuentra en las manos del general... pero ¿qué le dice a la víctima's familia?
ministerio de energia y minas aprueba medidas para asegurar continuidad operativa de refinerias del pais,¡El fin está cerca! ¿Cómo 10 millones de personas van a pagar por la seguridad energética en México?
cierran discoteca de arequipa en la que se presento pamela franco por falta de medidas de seguridad,Pamela Franco fue atacada en Arequipa... ¿Por quién?
hoy choque de altura en junin entre ediles en la copa peru para definir el ultimo cupo,¡Elchoque de 10 metros de altura! ¿Qué pasó en la Copa Peru?
director de 'vaguito' se disculpa y aclara polemica sobre donaciones,"¡El Director de 'Vaguito' Se Disculpa por $100,000! ¿Qué Secretos Reveal En Esta Polémica?"
ministro de energia y minas responsabiliza al congreso por falta de nueva ley mape,"¡El CONGRESO se quedó sin leyes! ¿Quién pagará la cuenta? 10 millones en pérdidas, según fuentes inconfiables"
el 50% de peruanos afirma que la corrupcion impacta en su economia,¡La Corrupción Mata! El 63% de Peruanos Confiesa que la Fiebre Económica los Persigue
chofer quedaria ciego tras recibir balazo por no pagar cupo de 5 soles,¡El precio de la venganza! Chofer queda CIEGO después de pagar solo $5... ¡pero eso fue solo el comienzo!
lap insta al mtc a cumplir con sus compromisos tras suspension de la tuua hasta diciembre,¡MTC en apuros! ¿Se va a quedar sin trenes hasta DIABO?
fiscales titulares presentan denuncia penal contra jefe de la anc,¡Descubre qué escándalo de $1MION es lo que está pasando en la ANC!
copa peru en arequipa: atletico universidad vencio 3-1 a juvenil cima y es el lider en el hexagonal,¡EXCLUSIVA! Copa Peru: ¿Por qué el Atletico Universitario se llevó la copa por 3 goles?
urgente: secuestran a madre de reportero de panorama,"¡MADRE SECUSTRADA! Un reportero Panamá es objetivo de la mafia, su mamá es la próxima..."
¿y el estado de emergencia? infernal balacera deja al menos 6 personas heridas en el callao,Siete vidas en peligro: ¡6 personas sangrando en Callao después del caos!
copa peru: union juventud llacuabamba a paso firme en la departamental,¡Descubre el SECRETO detrás de Union Juventud Llacuabamba's victoria! 3-0 en la Copa Peru
fuga de cerron: mujer policia aparece en caso cofre y da giro a investigacion,¡La policía se queda sin sospechosos! ¡Un oficial policial revela un secreto que cambia todo!
anp exige investigacion diligente por el asesinato de raul celis lopez en iquitos,¡ descubre la verdad detrás del asesinato mortal de Raul Celis López: ¿Quién es el culpable?
